id;nom;description;date_ajout
e6087902-e116-4a69-9c04-f9269aec9381;before modulo fast;../fake-data/blob/hipster.txt;2026-08-20
c874c763-6bc4-4080-b4ca-15d43b63ae25;unlucky chase dimly;../fake-data/blob/hipster.txt;2026-08-20
3560352f-20ed-4f9e-8220-6225e78c9f42;whose patroller upbeat;../fake-data/blob/hipster.txt;2026-08-21
2915c1fd-7931-4bab-b309-2c09f03e1fdb;gestate;../fake-data/blob/hipster.txt;2026-08-21
48d4290e-8461-431e-916f-648f1ab58212;vice;../fake-data/blob/hipster.txt;2026-08-20
66e2400c-7fcf-4a19-bda3-8ccb3c6b61d6;unto;../fake-data/blob/hipster.txt;2026-08-21
5614c356-c2ca-4bfc-853f-b14fda11cb83;worthless when;../fake-data/blob/hipster.txt;2026-08-20
cec61f9f-75dd-4a20-80da-85bc7eb34de8;integer trim narrow;../fake-data/blob/hipster.txt;2026-08-21
41d84f09-4450-485c-aba6-5630b56efe98;as deceivingly;../fake-data/blob/hipster.txt;2026-08-21
d1380f59-c178-4d09-ae0d-be7e856ba899;a boohoo;../fake-data/blob/hipster.txt;2026-08-20
2a202b1c-fb6a-4569-bf45-b9032044e827;even alongside;../fake-data/blob/hipster.txt;2026-08-21
ad12356e-48c6-4e43-8103-cb3ff3ef736a;provided furthermore;../fake-data/blob/hipster.txt;2026-08-21
7b008e47-e741-45c8-b921-c51fa17e69cf;phew celsius pacemaker;../fake-data/blob/hipster.txt;2026-08-21
dac54b56-ab46-4f9b-a2d1-1f37c81d075b;heavily lest;../fake-data/blob/hipster.txt;2026-08-20
c9e72533-d289-45db-b1da-ecab06123d7f;char embarrassment;../fake-data/blob/hipster.txt;2026-08-21
8b893351-1ff8-40c1-ba21-f40e24395162;via;../fake-data/blob/hipster.txt;2026-08-20
f90d1346-b70d-415a-a58b-b01d4b77c5b3;about cinema aboard;../fake-data/blob/hipster.txt;2026-08-20
1bc08de2-4b6b-4eab-9235-d6ac703ff074;rout;../fake-data/blob/hipster.txt;2026-08-21
03ab9b68-7d34-4669-9750-f797f9d1fab8;uh-huh;../fake-data/blob/hipster.txt;2026-08-21
bd2b8465-812e-45dc-ab98-fe4b3cb3c90a;blah um;../fake-data/blob/hipster.txt;2026-08-20
11161c31-824b-4246-99ef-4910bef99281;pfft through thyme;../fake-data/blob/hipster.txt;2026-08-20
6d9448ce-7d44-41c0-9c0c-3b3d96e3a2a7;fog transplant rigid;../fake-data/blob/hipster.txt;2026-08-20
04644a89-7fda-4664-8618-e781f9a741a9;gummy once pip;../fake-data/blob/hipster.txt;2026-08-21
ece835e7-f665-46a9-8b3e-2124a714c30f;valentine er devastation;../fake-data/blob/hipster.txt;2026-08-20
1ac504ce-c6a7-4969-a02b-658dbc85ca4e;beyond ethyl er;../fake-data/blob/hipster.txt;2026-08-21
b273ad28-1379-400e-a5f4-f81b11871ecc;ugh;../fake-data/blob/hipster.txt;2026-08-21
81adf82f-e7d2-4883-be9b-f81ee19bd48e;cappelletti underneath plus;../fake-data/blob/hipster.txt;2026-08-20
5cbbf942-5f71-44c8-81d8-190de32ab76e;from;../fake-data/blob/hipster.txt;2026-08-21
89b72fd1-aa04-4e8c-8f00-5cbf762ade65;deceivingly;../fake-data/blob/hipster.txt;2026-08-21
8339740e-c8b7-4003-8d47-94cf49d732de;league seldom spellcheck;../fake-data/blob/hipster.txt;2026-08-20
