id;nom;description
ebf6e3a2-4638-452e-aa46-87a4d2e11d47;who down;../fake-data/blob/hipster.txt
7f165ed3-6882-4b51-9b30-05504912d3c7;meal like that;../fake-data/blob/hipster.txt
99012ba9-dae1-4854-95bd-70b2de65260e;gosh ugh;../fake-data/blob/hipster.txt
cb3a1d11-6465-4374-94ed-7b5aa9cde4aa;beyond;../fake-data/blob/hipster.txt
57185314-d79c-4d1d-b257-779f85a612e3;amongst courageously sneak;../fake-data/blob/hipster.txt
f3bdb97d-15cd-4b62-a06d-51a23b9cd677;release rationalise swift;../fake-data/blob/hipster.txt
3330338d-0017-4c07-b36d-012bb55d71fa;norm as;../fake-data/blob/hipster.txt
03d3e2bb-284f-453c-a1a8-35553971d806;exterior solace;../fake-data/blob/hipster.txt
3abedf26-134a-4084-98a8-ffe267b3963a;wherever;../fake-data/blob/hipster.txt
cf62e648-1c2d-4352-9702-fae12b1a8cb1;off hm eek;../fake-data/blob/hipster.txt
986b8446-0772-45bb-88ab-2a4be4328a4e;uncomfortable electronics yowza;../fake-data/blob/hipster.txt
bf60d52d-2197-4c66-a454-5510e8bba80c;lovingly whereas till;../fake-data/blob/hipster.txt
11fc90e6-855b-479a-90c3-dfdb7392a955;likewise;../fake-data/blob/hipster.txt
9e3ef9bf-e0d9-4ed6-97be-9b6f8c3ecec2;hence;../fake-data/blob/hipster.txt
a8702313-d9d7-40f6-817e-6bf99385532c;plain nervously;../fake-data/blob/hipster.txt
db0a3ac5-c132-46de-9ecd-7edb3590fcc0;sheepishly incidentally;../fake-data/blob/hipster.txt
2ac54c15-7d04-4ab2-a24e-d56d6e5712ab;or upon hollow;../fake-data/blob/hipster.txt
98841cab-3ee7-4c38-8392-63543fca6873;noisily bah soupy;../fake-data/blob/hipster.txt
1af545d0-0b17-40e5-8415-21db51d5ea3f;jumbo atop profane;../fake-data/blob/hipster.txt
d85398f7-a481-49cb-8990-59323a6767bd;puff yippee;../fake-data/blob/hipster.txt
46689464-7a97-4fdf-8bd6-a4bc920ffe77;gadzooks concrete;../fake-data/blob/hipster.txt
f13ae07e-3a61-479e-8f6a-1c4d6aeb3403;per resort;../fake-data/blob/hipster.txt
8f998bd3-5042-4523-bc04-de3b5031f7f0;often;../fake-data/blob/hipster.txt
51d77c7c-c56d-4786-a07c-bef687003291;bleakly;../fake-data/blob/hipster.txt
fd3799dd-5f11-4cdc-aa13-1a9fc1a48461;ack circa;../fake-data/blob/hipster.txt
71a5c0cb-acf4-4427-a695-cef7c576133b;arrange between;../fake-data/blob/hipster.txt
53a14c26-ba78-4992-ada8-54009ff38181;fen daintily;../fake-data/blob/hipster.txt
0a1e9210-adb6-438b-b9d4-0bc897e2defa;easy and;../fake-data/blob/hipster.txt
ee686733-45c1-4a48-a57f-04cbe5ce29c9;aware;../fake-data/blob/hipster.txt
43270839-3298-4570-a106-0303708df461;gut worth;../fake-data/blob/hipster.txt
