id;titre;date_creation;createur_id;communaute_nandite_id
92ae9a81-1121-4ef2-a04b-4d4df797fd5e;loudly backbone;2026-08-20T13:00:31;4ee86843-86c4-4d70-b3ff-2798120f8bbd;ebf6e3a2-4638-452e-aa46-87a4d2e11d47
caa9d93f-5991-4ae9-8d26-695410f55f8f;labourer;2026-08-20T14:50:12;0cfa904c-c46a-47ea-9fcd-3d13d22ddba4;7f165ed3-6882-4b51-9b30-05504912d3c7
9093b167-906e-43db-aeff-dbdc4ca775af;while;2026-08-20T13:22:31;107642f5-ddb9-4a95-a917-6dd4f27aa3b4;99012ba9-dae1-4854-95bd-70b2de65260e
3c52ab2a-5dea-440a-bcc2-fe624e6c731c;zany;2026-08-20T22:42:18;b5bfd2fc-592d-4043-8218-646e828eaac4;cb3a1d11-6465-4374-94ed-7b5aa9cde4aa
400a8666-5ec7-427d-9558-0814178c4759;why potentially alert;2026-08-20T14:59:42;ddc63f6d-7707-4ba4-acb3-a653bb2bcb24;57185314-d79c-4d1d-b257-779f85a612e3
89c047d7-df50-4354-a701-e167c82b3ddf;citizen whose;2026-08-20T16:07:57;a29beaa3-c148-4c30-b44a-614c9a26f509;f3bdb97d-15cd-4b62-a06d-51a23b9cd677
5a8a6aee-704d-4cf8-bb9d-25fcad512708;somber;2026-08-20T22:27:27;48bbb3db-1a77-467e-b36c-6377bb4e3a10;3330338d-0017-4c07-b36d-012bb55d71fa
2d7be7bf-cca7-42ad-a49d-26c6c66b8b4c;final dress repeatedly;2026-08-21T03:53:38;71f11f48-02f2-4db2-a7e0-1e0d38f9b81f;03d3e2bb-284f-453c-a1a8-35553971d806
1511c41e-db98-4394-b50e-94d4aa3e320e;except pfft broadly;2026-08-21T07:14:40;c40ae156-0286-49b5-a3d7-07671f8ebf40;3abedf26-134a-4084-98a8-ffe267b3963a
af699fc1-dc5d-485e-a345-eaea36dd8309;frenetically abseil barring;2026-08-20T19:13:50;e000eca9-73e3-407f-acd7-95e2e607124d;cf62e648-1c2d-4352-9702-fae12b1a8cb1
b2073c73-7c43-415b-ba5a-7b6ed3426ec1;familiarize gad zowie;2026-08-21T03:23:54;fd95fc08-8764-4e4c-995b-c8df9a2ea944;986b8446-0772-45bb-88ab-2a4be4328a4e
a7549592-6882-4cc8-bafd-1d749969d7ab;mill;2026-08-21T08:59:43;937ed8ec-af7e-41b4-8b01-07c8570f6a07;bf60d52d-2197-4c66-a454-5510e8bba80c
67dd32a1-ecb6-4084-9af3-435b91c5524a;duh gah;2026-08-20T18:41:31;12112afd-b2f5-4b86-bbeb-94bb3d57feb0;11fc90e6-855b-479a-90c3-dfdb7392a955
2258f919-c342-46ab-b31c-9c573a611b3d;please;2026-08-21T03:50:33;a2180994-4c72-4896-9509-28e3573d4b05;9e3ef9bf-e0d9-4ed6-97be-9b6f8c3ecec2
32293c83-42ab-4e70-9bc8-2cf3a9728850;substantial;2026-08-20T14:38:22;6451812c-aa69-4e6b-b693-750141c857c6;a8702313-d9d7-40f6-817e-6bf99385532c
1811d629-4e50-4876-a2c7-8bc0cb2e3768;how;2026-08-20T10:41:59;d0b1135f-e45a-47b9-9e6d-be25febbf77f;db0a3ac5-c132-46de-9ecd-7edb3590fcc0
2f9cdf23-42fd-497a-b3ea-65460039d9d3;deceivingly bah;2026-08-21T05:39:18;806f8d82-5461-4305-9799-aa7580839919;2ac54c15-7d04-4ab2-a24e-d56d6e5712ab
ee8d16d3-5426-4f92-9ee0-f4b3b25dc7a5;always ugly;2026-08-20T14:08:48;aaaf9d5d-b98b-4336-9987-564a463413a9;98841cab-3ee7-4c38-8392-63543fca6873
ba4ba003-ed9f-40ae-87dd-dc792c2f58eb;voluntarily furthermore;2026-08-21T06:25:13;5db40192-a120-4dde-8591-74695645ecc6;1af545d0-0b17-40e5-8415-21db51d5ea3f
02be90e0-3bf1-4715-baef-18bc893075bb;microblog until;2026-08-21T01:30:35;caca9da3-1611-462a-b5dc-8c17f586a943;d85398f7-a481-49cb-8990-59323a6767bd
10b77a1c-28ee-4686-909e-66e15fe51ad1;fast failing urgently;2026-08-21T06:13:03;8a8889e1-88f4-4e77-b6cc-f14e8d70fae1;46689464-7a97-4fdf-8bd6-a4bc920ffe77
963d8dfd-e797-4639-abd2-b3b4a7438b17;at whup;2026-08-21T08:12:09;d8d69235-68c5-43c8-8084-8f3f0ec7bc1d;f13ae07e-3a61-479e-8f6a-1c4d6aeb3403
6a25e6c0-ae6b-45b6-921d-b80b24a1278a;black;2026-08-21T07:31:22;df3727ce-22a6-48e4-bddc-1ece9b145f60;8f998bd3-5042-4523-bc04-de3b5031f7f0
ea20815c-5fbd-4e48-b13e-33a7a6ffeaa1;yahoo;2026-08-21T00:45:46;06afb3ed-af47-45a5-83b8-c16e2fbb1834;51d77c7c-c56d-4786-a07c-bef687003291
fb0f0461-001d-40e9-8e13-05ccbfa36cdf;industrialize;2026-08-21T00:59:13;e0098ab8-4adc-4256-a8d7-9cb4b3197648;fd3799dd-5f11-4cdc-aa13-1a9fc1a48461
029f14a7-97bd-46e7-baab-a022d8d727ea;before reclassify boohoo;2026-08-20T14:17:01;4c305472-1339-474f-9002-15bb834dfe2f;71a5c0cb-acf4-4427-a695-cef7c576133b
70c1a7aa-7f67-40d2-b8f5-b9705636ce43;fit digital doodle;2026-08-20T15:51:39;d3b2d626-1818-4365-8e62-45b3c88f88b9;53a14c26-ba78-4992-ada8-54009ff38181
91d1b1bd-3c1c-4b29-af72-edb6518e5b54;describe gloom;2026-08-21T01:27:22;5f726ea4-dbb1-44ec-a7de-82219db95fe6;0a1e9210-adb6-438b-b9d4-0bc897e2defa
350fb1fe-3283-43d9-8867-42dd2f2df92b;sleet;2026-08-20T18:43:37;63778537-ebe9-4e41-b857-78dee8b442b2;ee686733-45c1-4a48-a57f-04cbe5ce29c9
4f45a0f7-05a4-4224-a185-8275b895681d;bourgeoisie though decode;2026-08-21T08:35:53;3095f003-151b-40f9-8937-7396e61b170a;43270839-3298-4570-a106-0303708df461
