id;titre;description;question;reponse;contenu_id
7258b1d2-e77e-4219-87eb-dbcb50dcf474;sit;../fake-data/blob/hipster.txt;../fake-data/blob/hipster.txt;../fake-data/blob/hipster.txt;92204f32-6e9a-4b74-ad35-edaa61f02ae1
cc92ca30-5ee9-4682-94c5-4143a7718cd6;who extremely character;../fake-data/blob/hipster.txt;../fake-data/blob/hipster.txt;../fake-data/blob/hipster.txt;df8b6b8e-1f66-4bef-be01-45b9eda4e483
11db58d2-7b26-4a11-a33d-fa88cc2b9882;probe speedily which;../fake-data/blob/hipster.txt;../fake-data/blob/hipster.txt;../fake-data/blob/hipster.txt;b4b29ef6-6c7b-40ce-8ccc-1d53b7180f2f
bbd76c68-6f84-4327-a7f1-2aafb5599106;formation;../fake-data/blob/hipster.txt;../fake-data/blob/hipster.txt;../fake-data/blob/hipster.txt;6c08eea8-c359-4e2e-a21a-bed4f4bcb780
ee6de049-8ec1-4a15-b851-a26f590a22c2;muffled instead since;../fake-data/blob/hipster.txt;../fake-data/blob/hipster.txt;../fake-data/blob/hipster.txt;06730d87-37d2-4db8-a7a0-7468fc02c3e1
3f401684-1b56-4f57-bd35-8cbca0040e39;complicated;../fake-data/blob/hipster.txt;../fake-data/blob/hipster.txt;../fake-data/blob/hipster.txt;cab72571-ab7e-4df9-9ef7-e2323b690c25
4e91f086-cf1b-463a-97fa-8c7058d5eba2;always amongst patiently;../fake-data/blob/hipster.txt;../fake-data/blob/hipster.txt;../fake-data/blob/hipster.txt;53c6b2de-0cb1-4243-bbec-2271413be50c
bf128a07-665e-427d-bddf-f65e94d73dc3;puzzled correctly yippee;../fake-data/blob/hipster.txt;../fake-data/blob/hipster.txt;../fake-data/blob/hipster.txt;4b851c44-707c-43b4-a5fd-6b20a63be8d7
278f969b-f146-4dc8-b651-64897a020b89;anti as;../fake-data/blob/hipster.txt;../fake-data/blob/hipster.txt;../fake-data/blob/hipster.txt;f6f4f828-88c0-4ee9-8dad-e13ad34024d6
0b825b77-7392-4575-934f-07508f6cb927;barring;../fake-data/blob/hipster.txt;../fake-data/blob/hipster.txt;../fake-data/blob/hipster.txt;15e7c840-447c-46bf-8b60-41ae3c3ccf67
7bd6e660-c487-4e86-a062-7679b9493b1a;or tapioca square;../fake-data/blob/hipster.txt;../fake-data/blob/hipster.txt;../fake-data/blob/hipster.txt;cd408a3d-79b4-486c-9b5f-81e445517881
9b058ab8-fbf1-4f70-9bfb-ee35dab22475;merrily doubtfully;../fake-data/blob/hipster.txt;../fake-data/blob/hipster.txt;../fake-data/blob/hipster.txt;456d8b27-de79-49bd-b933-51458bf2cbf0
4d0b72bb-6a23-4589-bc82-1ba468c75226;unnecessarily howl;../fake-data/blob/hipster.txt;../fake-data/blob/hipster.txt;../fake-data/blob/hipster.txt;f9aa3708-4567-48c4-9545-d224dd9d603b
9e68482f-60d5-4557-b41c-7b80e96e71d7;attend;../fake-data/blob/hipster.txt;../fake-data/blob/hipster.txt;../fake-data/blob/hipster.txt;d0afe303-7b76-4bb9-bb63-a1b662f429c8
b12f6940-0a74-4150-b9a4-dc5d41e9c1af;airman immediately;../fake-data/blob/hipster.txt;../fake-data/blob/hipster.txt;../fake-data/blob/hipster.txt;a57ce07a-45fe-4f96-b080-cf3f3f9ce3be
3140332e-fdf6-4f15-8e91-af8605b7ca8c;gosh;../fake-data/blob/hipster.txt;../fake-data/blob/hipster.txt;../fake-data/blob/hipster.txt;5c1f946f-1020-4b3b-947b-19cc290d4186
f00df9f5-2f8d-464d-9a7d-f2035ce8bd10;yearningly continually kindly;../fake-data/blob/hipster.txt;../fake-data/blob/hipster.txt;../fake-data/blob/hipster.txt;fe2e8b53-6c15-47ad-8f92-943261092642
d20ed4c2-cb88-4fe1-aebb-de0bb8f8d193;summarise;../fake-data/blob/hipster.txt;../fake-data/blob/hipster.txt;../fake-data/blob/hipster.txt;2660fb39-8454-4c3e-babc-db9e581f3e32
fd074a14-bd8f-425c-bcb0-5828d37f5faf;blissfully hence;../fake-data/blob/hipster.txt;../fake-data/blob/hipster.txt;../fake-data/blob/hipster.txt;0e585824-267b-4273-85d5-731a86157b1b
3bf4bd4a-5621-45a2-82f0-739655e230c5;who;../fake-data/blob/hipster.txt;../fake-data/blob/hipster.txt;../fake-data/blob/hipster.txt;34926a37-f687-45fe-8593-3b2986968768
248d8b3d-5272-492f-970c-b57377c8f170;quizzically prohibition despite;../fake-data/blob/hipster.txt;../fake-data/blob/hipster.txt;../fake-data/blob/hipster.txt;d9a5073f-61ab-412b-80ea-26980738ecf9
d3bfe570-a91a-4fbb-a8ff-917b492d6795;cruelly pale drag;../fake-data/blob/hipster.txt;../fake-data/blob/hipster.txt;../fake-data/blob/hipster.txt;03430a42-c30c-4824-818d-1b6be0441b1e
91631666-cec2-4343-a263-9a2c75f51052;adumbrate meh;../fake-data/blob/hipster.txt;../fake-data/blob/hipster.txt;../fake-data/blob/hipster.txt;4689cec5-0371-4bd1-92b6-27455e9f9bb2
990fd4b6-88db-418c-8a64-6184ce3b6453;appropriate;../fake-data/blob/hipster.txt;../fake-data/blob/hipster.txt;../fake-data/blob/hipster.txt;84b29678-9caf-4cdc-bd9d-7e02d8613dde
6758d9d2-e1b0-4a83-ad8b-ba92638d386e;too loyally;../fake-data/blob/hipster.txt;../fake-data/blob/hipster.txt;../fake-data/blob/hipster.txt;8b92b243-0b4c-4414-bac3-29e04157100f
9443d84d-b53f-44e6-b404-97baf66cd1af;yet;../fake-data/blob/hipster.txt;../fake-data/blob/hipster.txt;../fake-data/blob/hipster.txt;134335cc-dad4-4d26-a504-ee4adfa7cb0b
d091296b-b143-4a2b-ae0f-f0bf8a1f35a3;right huge;../fake-data/blob/hipster.txt;../fake-data/blob/hipster.txt;../fake-data/blob/hipster.txt;8885726e-b3e3-462b-9bb6-9cc0ff7e3f35
875859a4-35e7-4f8a-aa9d-e923a5f3819b;pricey;../fake-data/blob/hipster.txt;../fake-data/blob/hipster.txt;../fake-data/blob/hipster.txt;77eaf9ea-267e-4c05-a147-d7cc66be9317
d4118b5b-4eca-4c40-b25e-35a5995b77d1;considering because whenever;../fake-data/blob/hipster.txt;../fake-data/blob/hipster.txt;../fake-data/blob/hipster.txt;7b0355bc-b85a-45a9-b6c5-2e304b82938e
c04b1624-a184-416d-9c56-774401048ae3;zowie;../fake-data/blob/hipster.txt;../fake-data/blob/hipster.txt;../fake-data/blob/hipster.txt;719eaf04-6207-4814-8e8c-eae3cf0ee728
