id;commentaire;note;date_creation;statut_traitement;utilisateur_id;contenu_id
44e57663-baf1-42a5-88cd-b59f4673046f;../fake-data/blob/hipster.txt;0;2026-08-21T08:34:35;apt scruple homely;4ee86843-86c4-4d70-b3ff-2798120f8bbd;92204f32-6e9a-4b74-ad35-edaa61f02ae1
c41c7814-588e-4241-a1cb-fc34e430e557;../fake-data/blob/hipster.txt;2;2026-08-21T03:40:27;adult phooey;0cfa904c-c46a-47ea-9fcd-3d13d22ddba4;df8b6b8e-1f66-4bef-be01-45b9eda4e483
c3eba172-f53b-4b8e-b42c-e222c4120f81;../fake-data/blob/hipster.txt;0;2026-08-20T22:29:13;cycle utter;107642f5-ddb9-4a95-a917-6dd4f27aa3b4;b4b29ef6-6c7b-40ce-8ccc-1d53b7180f2f
8583c4a1-773d-4325-80ba-8feaff4239c7;../fake-data/blob/hipster.txt;1;2026-08-20T14:20:32;of wherever;b5bfd2fc-592d-4043-8218-646e828eaac4;6c08eea8-c359-4e2e-a21a-bed4f4bcb780
db261267-4491-49e6-91a8-a042fa855897;../fake-data/blob/hipster.txt;5;2026-08-21T00:41:54;duh colon;ddc63f6d-7707-4ba4-acb3-a653bb2bcb24;06730d87-37d2-4db8-a7a0-7468fc02c3e1
d8b0dff4-bdbb-4165-9469-39b9122181e8;../fake-data/blob/hipster.txt;0;2026-08-21T00:47:05;whether birth although;a29beaa3-c148-4c30-b44a-614c9a26f509;cab72571-ab7e-4df9-9ef7-e2323b690c25
f97d2310-a486-4c53-aa91-e371b4008020;../fake-data/blob/hipster.txt;2;2026-08-20T11:38:44;once trench respectful;48bbb3db-1a77-467e-b36c-6377bb4e3a10;53c6b2de-0cb1-4243-bbec-2271413be50c
610c02b6-4d46-49a6-bb8e-942d580cf5f7;../fake-data/blob/hipster.txt;5;2026-08-21T05:45:21;gruesome;71f11f48-02f2-4db2-a7e0-1e0d38f9b81f;4b851c44-707c-43b4-a5fd-6b20a63be8d7
2652a87f-18ee-44f5-b35e-c3f1e47d5b7c;../fake-data/blob/hipster.txt;4;2026-08-21T02:08:37;ew aged flawless;c40ae156-0286-49b5-a3d7-07671f8ebf40;f6f4f828-88c0-4ee9-8dad-e13ad34024d6
b566c7ee-8437-4ca4-83ab-23e6e6cfe6bf;../fake-data/blob/hipster.txt;3;2026-08-20T09:56:26;across abacus carefully;e000eca9-73e3-407f-acd7-95e2e607124d;15e7c840-447c-46bf-8b60-41ae3c3ccf67
6b3c8275-f44a-42d9-8a1d-4d21d0a68a93;../fake-data/blob/hipster.txt;2;2026-08-20T21:53:14;mostly kookily;fd95fc08-8764-4e4c-995b-c8df9a2ea944;cd408a3d-79b4-486c-9b5f-81e445517881
302772e0-5523-4f37-94d4-4a6aa85826f5;../fake-data/blob/hipster.txt;2;2026-08-21T00:51:21;madly;937ed8ec-af7e-41b4-8b01-07c8570f6a07;456d8b27-de79-49bd-b933-51458bf2cbf0
503cab02-4330-4cf9-8ab9-9c0119fc53d3;../fake-data/blob/hipster.txt;3;2026-08-21T03:41:30;mortally;12112afd-b2f5-4b86-bbeb-94bb3d57feb0;f9aa3708-4567-48c4-9545-d224dd9d603b
b496aeab-8991-4123-8faa-233ebcb92f06;../fake-data/blob/hipster.txt;1;2026-08-21T07:31:10;ew wrongly yum;a2180994-4c72-4896-9509-28e3573d4b05;d0afe303-7b76-4bb9-bb63-a1b662f429c8
6d4dd6df-833e-4cc8-bade-62f81924fc68;../fake-data/blob/hipster.txt;0;2026-08-21T04:45:06;if zowie how;6451812c-aa69-4e6b-b693-750141c857c6;a57ce07a-45fe-4f96-b080-cf3f3f9ce3be
366cada9-e5a1-484a-9b33-882ede94ffb8;../fake-data/blob/hipster.txt;1;2026-08-21T06:43:07;grass;d0b1135f-e45a-47b9-9e6d-be25febbf77f;5c1f946f-1020-4b3b-947b-19cc290d4186
45556ca2-164d-4c14-a5e9-96f98322378d;../fake-data/blob/hipster.txt;1;2026-08-21T00:14:58;whether stealthily;806f8d82-5461-4305-9799-aa7580839919;fe2e8b53-6c15-47ad-8f92-943261092642
f78f0c1f-2a25-4b4e-b6b2-140092c5ae27;../fake-data/blob/hipster.txt;0;2026-08-20T20:24:28;gaseous function;aaaf9d5d-b98b-4336-9987-564a463413a9;2660fb39-8454-4c3e-babc-db9e581f3e32
836f4ff3-fba9-4f41-a1a8-4c71cdc310f0;../fake-data/blob/hipster.txt;0;2026-08-21T03:42:21;pronoun gee owlishly;5db40192-a120-4dde-8591-74695645ecc6;0e585824-267b-4273-85d5-731a86157b1b
74e275e5-18d9-484e-b6dd-60d66d5c4a3d;../fake-data/blob/hipster.txt;3;2026-08-21T09:15:50;regularly;caca9da3-1611-462a-b5dc-8c17f586a943;34926a37-f687-45fe-8593-3b2986968768
5e8d41e4-e6bb-46c4-9570-ac8ccb97220d;../fake-data/blob/hipster.txt;2;2026-08-21T03:32:37;oh since coaxingly;8a8889e1-88f4-4e77-b6cc-f14e8d70fae1;d9a5073f-61ab-412b-80ea-26980738ecf9
2b0fe3cb-5569-4cf9-8b9f-b09b57ebeb56;../fake-data/blob/hipster.txt;4;2026-08-20T16:20:49;hydrant aha inasmuch;d8d69235-68c5-43c8-8084-8f3f0ec7bc1d;03430a42-c30c-4824-818d-1b6be0441b1e
fee8ac6a-a65c-426b-953f-f11f4beb03e6;../fake-data/blob/hipster.txt;3;2026-08-20T14:26:44;overfeed;df3727ce-22a6-48e4-bddc-1ece9b145f60;4689cec5-0371-4bd1-92b6-27455e9f9bb2
8e875ba6-f10c-43e0-9bcb-2b2e1c45fd28;../fake-data/blob/hipster.txt;5;2026-08-20T16:47:08;recovery;06afb3ed-af47-45a5-83b8-c16e2fbb1834;84b29678-9caf-4cdc-bd9d-7e02d8613dde
8a03bceb-3633-44ab-a500-4375b282d9a9;../fake-data/blob/hipster.txt;4;2026-08-20T10:58:18;before;e0098ab8-4adc-4256-a8d7-9cb4b3197648;8b92b243-0b4c-4414-bac3-29e04157100f
fa9546d8-4f49-4931-9e61-60bc5be3fa73;../fake-data/blob/hipster.txt;0;2026-08-20T09:48:07;government provided bashfully;4c305472-1339-474f-9002-15bb834dfe2f;134335cc-dad4-4d26-a504-ee4adfa7cb0b
c36bb095-6538-45a2-a07c-7e8308db49cc;../fake-data/blob/hipster.txt;1;2026-08-20T14:59:36;hm accentuate accomplished;d3b2d626-1818-4365-8e62-45b3c88f88b9;8885726e-b3e3-462b-9bb6-9cc0ff7e3f35
2aaafcd7-61b1-41b0-b15d-389e998b0a1c;../fake-data/blob/hipster.txt;3;2026-08-21T07:16:17;frightened;5f726ea4-dbb1-44ec-a7de-82219db95fe6;77eaf9ea-267e-4c05-a147-d7cc66be9317
aed8ad0f-0d5d-41f5-be6c-122e4f8fd3cd;../fake-data/blob/hipster.txt;4;2026-08-21T08:56:35;forgo;63778537-ebe9-4e41-b857-78dee8b442b2;7b0355bc-b85a-45a9-b6c5-2e304b82938e
f1c47460-ed24-46ea-bf75-903ed15e8355;../fake-data/blob/hipster.txt;4;2026-08-21T06:42:00;aha pro chunter;3095f003-151b-40f9-8937-7396e61b170a;719eaf04-6207-4814-8e8c-eae3cf0ee728
