id;titre;etape;description;url
aa258a27-dd42-445e-91b1-29f3265700c0;with between;14532;../fake-data/blob/hipster.txt;https://yummy-ferret.biz/
dbfdb72e-91d6-4d9b-92e8-a83f5afe389d;if;7974;../fake-data/blob/hipster.txt;https://recent-squid.name/
e13e8b46-5237-43cd-8b80-74a85635cbdc;confusion faraway fondly;13683;../fake-data/blob/hipster.txt;https://ornate-extension.info
9456f8d8-2df6-4d8c-97f9-b38653f34bbb;taxicab honestly notwithstanding;31657;../fake-data/blob/hipster.txt;https://french-traditionalism.info/
efa8f486-9792-4392-807d-c4e0ba6a382a;evenly cautiously kindheartedly;1310;../fake-data/blob/hipster.txt;https://mature-object.biz/
c41709e2-d07e-40f5-9c3c-569cbac626e7;continually clear-cut dim;25194;../fake-data/blob/hipster.txt;https://stable-paintwork.org/
76bbeb50-c4cf-468d-bc97-c713d2886436;provided exactly;1077;../fake-data/blob/hipster.txt;https://understated-godparent.com
d63e8463-bad4-49e5-a4d1-17b2f9d22f42;entice underneath against;26639;../fake-data/blob/hipster.txt;https://rundown-encouragement.info/
13df1a62-51ac-4773-85c0-c07f631284f1;import convection;23793;../fake-data/blob/hipster.txt;https://long-video.org
09c5ef88-68c2-4fc3-872f-762aa98c5e68;vastly um creative;7101;../fake-data/blob/hipster.txt;https://cloudy-graffiti.name/
5713d6f3-51d8-4b3f-a608-dbb01eca879b;noteworthy;1461;../fake-data/blob/hipster.txt;https://sore-inspection.name/
a38344eb-0c50-48c3-a5a9-4667c1cc1be8;powerful;14932;../fake-data/blob/hipster.txt;https://pleasing-legging.com/
7d7a6a56-4082-401e-a6fe-483d4d021e37;hm;11685;../fake-data/blob/hipster.txt;https://rich-birth.org
bdac08a1-23b4-4fce-809c-d152e5e6d5d2;likewise confirm where;794;../fake-data/blob/hipster.txt;https://angelic-violin.biz
2c950be8-2fd5-47f6-ae95-6f65c3f6eccc;gratefully gadzooks sadly;17092;../fake-data/blob/hipster.txt;https://vague-hundred.biz/
dc38c673-8d13-4723-9edc-9483e642ee4a;lest orientate;31898;../fake-data/blob/hipster.txt;https://bitter-brook.org
fe915ea5-ac37-4edd-a6fb-6ae67d2383a3;upbeat mobilise bleach;31996;../fake-data/blob/hipster.txt;https://well-to-do-airline.info
b3243bf0-91e7-4ed3-b77a-054e80144005;sanity anxiously;27402;../fake-data/blob/hipster.txt;https://granular-pillow.com/
84870175-2d49-46a4-ac44-66146cbf2e61;coop;27126;../fake-data/blob/hipster.txt;https://sick-someplace.net/
d95ac21e-d75a-41b3-a84a-e9a625ad3f84;bah;19847;../fake-data/blob/hipster.txt;https://specific-hoof.name
b171acaf-0788-416e-b3c7-336577b7ecf1;fatally foodstuffs;24637;../fake-data/blob/hipster.txt;https://informal-adult.com/
0b69e12a-48f9-4dbf-8e6c-0dffd0f0ea85;eek monthly depute;31956;../fake-data/blob/hipster.txt;https://knowledgeable-extent.net/
ecbc2909-ac16-4254-a0a2-677807bb8942;optimistically toward given;23617;../fake-data/blob/hipster.txt;https://shoddy-replacement.com/
72de4708-6b83-4dd6-a9a3-9f32dbc5bf3d;shipper from meh;30299;../fake-data/blob/hipster.txt;https://stupendous-confusion.info/
96d161e4-1a99-4003-98a2-acac0e15dc77;biodegradable vanadyl;7444;../fake-data/blob/hipster.txt;https://firm-switch.com/
19dbe4f7-e516-4a03-9cde-3fe83d3c4d9a;tinderbox consequently opposite;2555;../fake-data/blob/hipster.txt;https://crooked-travel.org/
d6e754d7-7238-4a42-bcbe-5c52e827e35e;sun;22295;../fake-data/blob/hipster.txt;https://unwelcome-ribbon.info/
f999183c-788c-49a5-a0f5-38dfee404d35;experience;8929;../fake-data/blob/hipster.txt;https://last-typewriter.name
b8ad1ef1-443a-418d-a936-1e4311a0dae2;conceal skeleton frail;5710;../fake-data/blob/hipster.txt;https://utilized-grass.org/
83e6a1e5-929c-4215-9be1-a206f2f8ab1c;annually about;29532;../fake-data/blob/hipster.txt;https://heartfelt-duffel.org
