id;libelle
29931fb6-6bfe-4e91-9ec5-86b441d87260;yuck excitedly
efe8d8e9-edbb-413c-94e7-12cb21954627;issue lampoon faithfully
b27fc7fb-edc0-41f7-b66e-19b798a4374f;velvety rarely breastplate
9888a1fb-87a6-4a58-8b00-429b451c6014;before splendid out
9b501c98-a031-4f7f-9aee-da587c9f3efd;round sans
f62431b1-995d-44b3-9880-e5b16f7855ac;scowl now
25acd22f-abc3-483e-96ab-f7d3507b09c3;when
e78f0cbb-6de8-4d68-bd20-f18f0ae02ce2;pish always by
5ae31696-71e9-49e0-bd60-385e36175d6a;brr
4332c7fd-7819-4da5-a4d6-508ed08ee382;exhausted between now
07b3e2d1-6f7a-4203-80bb-1183ab0e5f07;hence
b1761d8a-19c7-42df-8676-b4b1b62d566c;ignite headline windy
e2d39115-c18c-4054-a445-27bfd6e2d21b;apropos yet unless
56eaefa8-575e-4bd6-b381-6733877a34ee;actually outnumber
e2c4455a-989c-4633-8ef2-cf096fd52e58;needy duh hmph
5675e623-659a-40d4-8b2b-213a4bce2aec;self-reliant
4c18087b-2dd8-432e-a295-c0276731f603;absent
33ff2ecf-b1aa-4850-b5b7-0e96489ca4db;always amongst beloved
c25020cb-e3f1-48a7-ad21-336f03fc5df5;obscure scarily
ca9444e3-a206-4673-adee-056c94cc56a2;ha
d444a3d0-4cde-49a3-9a46-9a8dd4c90781;enrich rigidly frightfully
2ac66b42-637b-4eef-a2bd-50a369873af9;standard scowl micromanage
7c30c786-275f-436d-8706-74048f3f3134;haircut
2a6c72dd-d384-4ee1-8377-0f23060109e3;powerfully
4edc1f25-c2d8-4f6c-86bf-483aa06e7017;even draft
05247559-a09b-4ad2-8796-11f7241d4ead;furlough especially councilman
e3b694d5-e149-4cdc-8f0d-1716044d47fd;bah mostly once
cf82d7dd-f286-4a1d-9996-e0b749b68c12;underneath wetly immaculate
141cae21-f46f-4d6e-aa73-2a89546a296d;hm through
b30a6b34-d6a9-40e7-bb27-e6dafab48771;quit
