id;libelle;application_id
c841147d-09d6-4cb8-9538-c9b71123a9f5;yuck satisfy;e6087902-e116-4a69-9c04-f9269aec9381
50e32f1f-522b-47a2-a19e-e38a05c3bc34;which wherever jot;c874c763-6bc4-4080-b4ca-15d43b63ae25
6cf4ef14-2299-4ba5-9dc8-d330ab522e90;furthermore rudely where;3560352f-20ed-4f9e-8220-6225e78c9f42
23f1feea-df92-4ee8-b30b-3adb6b3eabbe;marimba finally;2915c1fd-7931-4bab-b309-2c09f03e1fdb
d86a95bc-c130-4d9d-9eda-88f4bb7844d0;hm;48d4290e-8461-431e-916f-648f1ab58212
68f0d886-7759-4644-b2d6-fea6c0168ae6;meh or fairly;66e2400c-7fcf-4a19-bda3-8ccb3c6b61d6
0d6e70d0-ccad-4b82-b1a5-09074137742a;ugh;5614c356-c2ca-4bfc-853f-b14fda11cb83
0d522a67-a4bb-4938-9807-809f882598ad;yowza coexist eek;cec61f9f-75dd-4a20-80da-85bc7eb34de8
f18bd7ae-8a72-45f8-be32-763472f0125a;aside wombat ugh;41d84f09-4450-485c-aba6-5630b56efe98
cdf62e53-967a-44a9-afa3-cd773c6d8715;forenenst unruly;d1380f59-c178-4d09-ae0d-be7e856ba899
bfed218b-95ce-479a-9e8e-ab4dbd897f17;cod severe league;2a202b1c-fb6a-4569-bf45-b9032044e827
e12049e3-7702-4134-ab69-45dc179899f1;negative;ad12356e-48c6-4e43-8103-cb3ff3ef736a
ffadd1bd-7b5e-4e7d-bb94-5d598c4c32cd;pleasure snack pish;7b008e47-e741-45c8-b921-c51fa17e69cf
4d3de4ab-2b4e-4d91-9c41-fae231ddee1d;wire geez after;dac54b56-ab46-4f9b-a2d1-1f37c81d075b
c7a09666-40a2-406c-9775-e4bb80076e7a;reward underneath;c9e72533-d289-45db-b1da-ecab06123d7f
5d2094a8-b7f9-4ad7-bc2c-4e5d3efe1471;tensely;8b893351-1ff8-40c1-ba21-f40e24395162
7cf93b3a-a81b-4b11-97ed-50ec60d7ead2;scrap;f90d1346-b70d-415a-a58b-b01d4b77c5b3
04068204-b66a-4e48-95fd-2152c93cd75a;throughout knowledgeably lovely;1bc08de2-4b6b-4eab-9235-d6ac703ff074
b6e65353-c5cc-42f4-8ef9-3215c1ac5ee4;accentuate till;03ab9b68-7d34-4669-9750-f797f9d1fab8
12fd9bdd-0304-423c-9033-435b1d322eb0;considering knavishly indeed;bd2b8465-812e-45dc-ab98-fe4b3cb3c90a
8da86d48-3309-4b38-b585-b1359e828662;realistic;11161c31-824b-4246-99ef-4910bef99281
7710365b-a881-4b7e-ae1d-8dc36d1a5605;save yeast;6d9448ce-7d44-41c0-9c0c-3b3d96e3a2a7
110693e2-e903-432c-95f8-a3ee48547202;wonderful phooey yippee;04644a89-7fda-4664-8618-e781f9a741a9
1b5dad3d-ceb6-4a9e-99e5-b9be94656564;afterwards woot;ece835e7-f665-46a9-8b3e-2124a714c30f
0c6851d1-5f17-4ca6-bfa7-06e3042b14f3;sleepily grouper conjecture;1ac504ce-c6a7-4969-a02b-658dbc85ca4e
dae0a06c-bedb-470b-b3a4-0556bfbea1c3;service after;b273ad28-1379-400e-a5f4-f81b11871ecc
4e8d0745-4938-4fb5-a928-cd51cc28f1f5;bar;81adf82f-e7d2-4883-be9b-f81ee19bd48e
2b4b5d31-dfbc-42c2-9bb6-5f624681a617;international;5cbbf942-5f71-44c8-81d8-190de32ab76e
e54b1a86-d25d-44ec-a61f-730436fb5b21;warmly micromanage;89b72fd1-aa04-4e8c-8f00-5cbf762ade65
bdae6ce9-5756-4daf-9346-c2185ad1ab33;righteously beautifully;8339740e-c8b7-4003-8d47-94cf49d732de
