id;type;utilisateur_id;message_id
5cf7bd36-389a-418d-83a6-78a673721049;pish;4ee86843-86c4-4d70-b3ff-2798120f8bbd;ba1cb395-2115-4fbc-8bcd-f6d4447f2830
425bf766-eca1-4836-bac4-976390109b57;around as;0cfa904c-c46a-47ea-9fcd-3d13d22ddba4;aff7e8da-e098-482e-bed4-46a6f507ca41
374429e4-cea3-42c6-a88d-07b5b3d94469;whenever except below;107642f5-ddb9-4a95-a917-6dd4f27aa3b4;fc4e6d73-2a1f-4bf8-9c66-b4f5e7dc1a87
94b0bdfd-4e04-4bd1-b2a7-5953e22d4389;even tomorrow reboot;b5bfd2fc-592d-4043-8218-646e828eaac4;06d024d6-4cbc-4355-90f0-0d81b6d66032
3a62bc71-b184-435b-9c37-a790bac138cb;that;ddc63f6d-7707-4ba4-acb3-a653bb2bcb24;ce1614e6-09fa-4c01-82fd-6a843eb0ebb3
0a3780c1-aa36-40c8-a6c7-b05e96036195;inasmuch gosh trivial;a29beaa3-c148-4c30-b44a-614c9a26f509;ae61a1f1-b1e7-4eb8-97f5-3049ca1a0e05
b01a994e-4994-44af-8cfb-7535c04b3e90;proceed around produce;48bbb3db-1a77-467e-b36c-6377bb4e3a10;92098e5f-ce69-471e-8841-f00057d10f7c
b5ef472b-9ec1-4419-8498-83109fa1eb75;helpless;71f11f48-02f2-4db2-a7e0-1e0d38f9b81f;12faad07-30fa-435d-b896-611d159be181
4f930762-ba9e-403a-ad82-436748e151f7;fortunately;c40ae156-0286-49b5-a3d7-07671f8ebf40;ca75183d-edcc-48bc-a4f4-b95edfe3bf4e
27579296-6c7d-4cb5-8024-4cc0e66c896e;casket accept poor;e000eca9-73e3-407f-acd7-95e2e607124d;51bb86eb-a4f6-4e25-a70c-4afeb5fe8f93
7c5a6ad8-4785-4c78-b1c9-3ad857d060db;crazy unfortunately;fd95fc08-8764-4e4c-995b-c8df9a2ea944;d0a5d4e0-aef9-48db-a95f-8da6f124d623
932efc2b-2bfa-4f65-857f-d67718f75b4c;disbar siege primary;937ed8ec-af7e-41b4-8b01-07c8570f6a07;d1936397-3602-4db8-b28c-f8d6043c3ade
e7c1612e-8db2-46f9-b9fd-34340c16b11c;drat jet;12112afd-b2f5-4b86-bbeb-94bb3d57feb0;81af6b63-9b07-4024-94df-dbe27c26ece8
12a13c20-622b-45dc-88ef-47cadcd4bbaf;testify almost mmm;a2180994-4c72-4896-9509-28e3573d4b05;a2192aa5-671f-4dfa-9734-ceb2d5d3224e
1e489d2e-59b5-4791-af6e-48b96fe2287f;modulo recompense easily;6451812c-aa69-4e6b-b693-750141c857c6;ea0e4873-065d-4183-a2d6-c175fbca0a82
670515d0-e79d-4a29-ad10-18f60feb52d8;anenst revitalise;d0b1135f-e45a-47b9-9e6d-be25febbf77f;b7765c2d-8eda-4ca7-b0de-e1ac5f3ba41f
4fa9e041-346e-4883-9b4e-80c40aa75939;after horse;806f8d82-5461-4305-9799-aa7580839919;a2ee0b8d-2d64-459e-a69b-e8c39ba9cab1
4e095ccb-23f9-42d9-a60e-63998e2e28e2;if;aaaf9d5d-b98b-4336-9987-564a463413a9;47a449fd-777f-465c-8065-c47e7bfd754f
2acb58e0-18f1-4a7c-9f7e-5124270abfc2;frightfully aboard;5db40192-a120-4dde-8591-74695645ecc6;1415f52c-b2db-4e63-9e91-aa725f96062b
a533a38b-2b01-4827-b1a7-927b05cdd0fa;barring;caca9da3-1611-462a-b5dc-8c17f586a943;1f9756f0-2103-41e5-99f8-a0cc10877aa1
82a2b065-7d5f-49d9-86de-9e11ece6ba72;yet;8a8889e1-88f4-4e77-b6cc-f14e8d70fae1;38f3702a-c15a-4566-836a-5f2a16aa8651
a45cbd4d-950f-47b9-9e1b-0b0b9ec50edf;fraudster blaspheme;d8d69235-68c5-43c8-8084-8f3f0ec7bc1d;f605fe64-6b09-48d9-be8b-c1c1c752ae37
c29421ca-31fe-4354-b636-9ad6b276ef73;swanling;df3727ce-22a6-48e4-bddc-1ece9b145f60;1b136015-83d5-4020-94ae-8b32f192fb73
25d799fa-07ab-4118-8f69-e86095a9d6cb;rosy clean noisily;06afb3ed-af47-45a5-83b8-c16e2fbb1834;9d3f0b6c-8b94-4406-b5d3-251fa3e4832b
fd6b1c72-bfaa-44fc-bbf1-2ad1352f61aa;stigmatize without;e0098ab8-4adc-4256-a8d7-9cb4b3197648;0793f9e7-6235-40f4-8fed-0ce3dde2ea40
c16bae8e-0bbb-4029-ae32-964372d83b21;within;4c305472-1339-474f-9002-15bb834dfe2f;589d6e5d-4af6-4183-84c1-36afd13fe791
71ef035b-01b0-49b3-b92e-a13b7396568d;ugh;d3b2d626-1818-4365-8e62-45b3c88f88b9;0b6abb9c-874f-4c74-9d7a-b9142ae24248
9cc5a9da-02d2-4f27-aca6-9146605afd83;yowza;5f726ea4-dbb1-44ec-a7de-82219db95fe6;3b6e78c7-59f8-4c68-aaed-0ca988ac1eca
8d299e3a-39f2-4442-ab51-2384ece758e6;excluding plus including;63778537-ebe9-4e41-b857-78dee8b442b2;72b422ea-d890-4267-a3d8-94bb5ae97e82
5e2ee4eb-50fd-475b-b4d9-dc963db3d765;owlishly international proud;3095f003-151b-40f9-8937-7396e61b170a;fbe38373-7087-44a9-a5d6-34c3595854f3
