id;role
5887b91b-906e-4f4d-9661-94408dbaa419;ah lest furiously
a56481fb-f36b-4fdf-99a5-79baacde5625;warm mmm pro
7b485af0-5a82-497a-bc9c-3cc5ca3f4517;enlightened
e21c6f63-610b-4b47-94f1-036fe324ab1f;embossing someplace rout
1d36b56a-3803-4284-b22c-21c9f0665c5f;gerbil boastfully lest
46ed6893-aa39-47b7-967e-5a71f747a902;annex furthermore into
4ff26b66-e36f-48e0-bf5e-a53f39e66745;although
3c5b5b7f-659d-4b24-991e-4e3543ac040d;how
7a497cf7-6c78-4b50-bb15-f9646453a653;spark pleasure general
f86e46c8-6105-413d-b6b9-09a57ed1d478;although assist vaguely
36936e78-3950-472c-9691-197382738ab5;meanwhile
fe1ae574-f6b8-4053-95d6-74bebba8875a;butter vainly up
a82c4330-f190-44d2-a667-120c192f4f32;twine lender quicker
366b9762-f64c-4921-a596-3be31536250d;fervently humble
4e02d92f-908f-4318-b1ab-f5cb186d175f;dual
63b043e1-8e23-43e3-ad76-cd1dffcbc123;whose
4360c74a-3962-41af-9f2a-d0faa8aed7f8;quit
5ce73f85-e811-4122-8fc2-21b22339c540;obnoxiously
0a1ed56a-ea17-4e06-9905-869d49780aa2;enormously
5e353426-4e7a-48b2-9853-458f4785d5d3;ick certification
ca88af84-f621-4411-b8c1-508e53c755d5;unethically smog before
3aa1e003-fc84-495a-982c-ac80c99a656c;knitting
06138de0-8609-4839-8072-4892fa3ac088;quart
37a27962-3097-411a-8db1-9e4ec81f99f6;season suspiciously
be42f348-be42-4c7c-a728-bf089a94cc90;spectacles consequently
fb11d47d-0488-4f18-926b-6f95ee257997;playfully
bed0ef99-d190-4ae7-92e6-0ca4ea256b7f;yahoo
194ff8d1-dbc8-4eab-b528-b68f0b93d898;neatly for truthfully
63989485-e850-4b3a-8f1d-c50f1787f2d9;offensively new depot
7133285d-9344-42cf-82e4-5dbd605e91fd;skean though
