id;motif;date_signalement;utilisateur_id;message_id
2c4c8714-f6fc-410b-81d8-798accf610f4;../fake-data/blob/hipster.txt;2026-08-21T03:43:56;4ee86843-86c4-4d70-b3ff-2798120f8bbd;ba1cb395-2115-4fbc-8bcd-f6d4447f2830
2f141cf5-07ec-45c4-b987-5dbad0d16fa5;../fake-data/blob/hipster.txt;2026-08-21T09:22:43;0cfa904c-c46a-47ea-9fcd-3d13d22ddba4;aff7e8da-e098-482e-bed4-46a6f507ca41
3e86988e-3012-41f8-b62b-b21fd8f4be01;../fake-data/blob/hipster.txt;2026-08-20T18:54:11;107642f5-ddb9-4a95-a917-6dd4f27aa3b4;fc4e6d73-2a1f-4bf8-9c66-b4f5e7dc1a87
0395a53e-fc01-4412-a8e8-795f8b1d2e94;../fake-data/blob/hipster.txt;2026-08-21T02:25:40;b5bfd2fc-592d-4043-8218-646e828eaac4;06d024d6-4cbc-4355-90f0-0d81b6d66032
62bac6fc-b3c3-4a27-ab99-a0b40d5c6b24;../fake-data/blob/hipster.txt;2026-08-21T03:10:42;ddc63f6d-7707-4ba4-acb3-a653bb2bcb24;ce1614e6-09fa-4c01-82fd-6a843eb0ebb3
de2ef7fe-f9c5-49b3-8f94-fb96dd2b2f82;../fake-data/blob/hipster.txt;2026-08-20T23:38:21;a29beaa3-c148-4c30-b44a-614c9a26f509;ae61a1f1-b1e7-4eb8-97f5-3049ca1a0e05
31dec15c-68c0-43f5-8b50-23244596af16;../fake-data/blob/hipster.txt;2026-08-21T08:22:41;48bbb3db-1a77-467e-b36c-6377bb4e3a10;92098e5f-ce69-471e-8841-f00057d10f7c
e0b06e62-954c-4fcb-b867-094cdc1ef044;../fake-data/blob/hipster.txt;2026-08-20T22:01:30;71f11f48-02f2-4db2-a7e0-1e0d38f9b81f;12faad07-30fa-435d-b896-611d159be181
1cf11419-bc0c-4710-9dd6-c58ba87f5192;../fake-data/blob/hipster.txt;2026-08-21T03:50:54;c40ae156-0286-49b5-a3d7-07671f8ebf40;ca75183d-edcc-48bc-a4f4-b95edfe3bf4e
cfea3ff1-727c-4c1a-98b7-aafb93c0b0b5;../fake-data/blob/hipster.txt;2026-08-21T04:11:25;e000eca9-73e3-407f-acd7-95e2e607124d;51bb86eb-a4f6-4e25-a70c-4afeb5fe8f93
e9dba37f-247f-417a-ba2c-15308d627fe6;../fake-data/blob/hipster.txt;2026-08-20T18:58:07;fd95fc08-8764-4e4c-995b-c8df9a2ea944;d0a5d4e0-aef9-48db-a95f-8da6f124d623
c23b92db-9de6-46f8-a755-c1ea8c80b72b;../fake-data/blob/hipster.txt;2026-08-20T19:39:13;937ed8ec-af7e-41b4-8b01-07c8570f6a07;d1936397-3602-4db8-b28c-f8d6043c3ade
6761df59-099f-446d-aa67-bdb40534f928;../fake-data/blob/hipster.txt;2026-08-20T21:55:33;12112afd-b2f5-4b86-bbeb-94bb3d57feb0;81af6b63-9b07-4024-94df-dbe27c26ece8
b67d8c5d-20bc-4403-952d-f1c3fa8842c9;../fake-data/blob/hipster.txt;2026-08-21T05:49:57;a2180994-4c72-4896-9509-28e3573d4b05;a2192aa5-671f-4dfa-9734-ceb2d5d3224e
8d6a473a-c2fe-4551-b53d-51ce3a0ed2d1;../fake-data/blob/hipster.txt;2026-08-20T21:04:52;6451812c-aa69-4e6b-b693-750141c857c6;ea0e4873-065d-4183-a2d6-c175fbca0a82
503ad401-868f-442e-9517-46e952474d81;../fake-data/blob/hipster.txt;2026-08-21T03:29:50;d0b1135f-e45a-47b9-9e6d-be25febbf77f;b7765c2d-8eda-4ca7-b0de-e1ac5f3ba41f
2e3e2710-93d6-46b9-a2df-4ceaa0616c7c;../fake-data/blob/hipster.txt;2026-08-20T17:02:42;806f8d82-5461-4305-9799-aa7580839919;a2ee0b8d-2d64-459e-a69b-e8c39ba9cab1
7c619879-648f-4f62-876e-7481e12efcc0;../fake-data/blob/hipster.txt;2026-08-20T11:34:54;aaaf9d5d-b98b-4336-9987-564a463413a9;47a449fd-777f-465c-8065-c47e7bfd754f
a08a34c4-708a-470f-a6ac-3a025eebadc3;../fake-data/blob/hipster.txt;2026-08-21T07:02:58;5db40192-a120-4dde-8591-74695645ecc6;1415f52c-b2db-4e63-9e91-aa725f96062b
7e5526a9-4f9d-4f70-bd9c-e7a640db63ff;../fake-data/blob/hipster.txt;2026-08-21T01:19:02;caca9da3-1611-462a-b5dc-8c17f586a943;1f9756f0-2103-41e5-99f8-a0cc10877aa1
606670d1-9c5c-4e0b-835a-e80f367f7e02;../fake-data/blob/hipster.txt;2026-08-20T12:47:49;8a8889e1-88f4-4e77-b6cc-f14e8d70fae1;38f3702a-c15a-4566-836a-5f2a16aa8651
54312efb-35a9-45ec-a497-60d18e6b364c;../fake-data/blob/hipster.txt;2026-08-20T17:04:04;d8d69235-68c5-43c8-8084-8f3f0ec7bc1d;f605fe64-6b09-48d9-be8b-c1c1c752ae37
97fed757-17a6-4a31-952e-5f9a94267980;../fake-data/blob/hipster.txt;2026-08-20T15:37:51;df3727ce-22a6-48e4-bddc-1ece9b145f60;1b136015-83d5-4020-94ae-8b32f192fb73
f1e0be71-9bf2-4106-b8ba-b830e6bf0ca4;../fake-data/blob/hipster.txt;2026-08-21T03:33:03;06afb3ed-af47-45a5-83b8-c16e2fbb1834;9d3f0b6c-8b94-4406-b5d3-251fa3e4832b
3856c482-b698-4bb7-b701-bf6626f68fda;../fake-data/blob/hipster.txt;2026-08-20T11:19:22;e0098ab8-4adc-4256-a8d7-9cb4b3197648;0793f9e7-6235-40f4-8fed-0ce3dde2ea40
96dbb74e-bb21-4726-bf3f-a1dc39682756;../fake-data/blob/hipster.txt;2026-08-20T09:53:52;4c305472-1339-474f-9002-15bb834dfe2f;589d6e5d-4af6-4183-84c1-36afd13fe791
74dc46f4-0c3d-4e81-958d-c591afb2bf09;../fake-data/blob/hipster.txt;2026-08-21T03:13:19;d3b2d626-1818-4365-8e62-45b3c88f88b9;0b6abb9c-874f-4c74-9d7a-b9142ae24248
ad0f1101-ab76-465e-8691-37b7ed1aed4a;../fake-data/blob/hipster.txt;2026-08-21T06:59:46;5f726ea4-dbb1-44ec-a7de-82219db95fe6;3b6e78c7-59f8-4c68-aaed-0ca988ac1eca
8f7b52a5-ef43-4760-a168-58a7e514d7f3;../fake-data/blob/hipster.txt;2026-08-20T23:54:34;63778537-ebe9-4e41-b857-78dee8b442b2;72b422ea-d890-4267-a3d8-94bb5ae97e82
03f2887c-6c1a-4085-a0b5-e1c6b236ab37;../fake-data/blob/hipster.txt;2026-08-21T01:00:55;3095f003-151b-40f9-8937-7396e61b170a;fbe38373-7087-44a9-a5d6-34c3595854f3
