id;nom;prenom;email;login
4ee86843-86c4-4d70-b3ff-2798120f8bbd;viability;gruesome cardboard attraction;Aleen.Hudson@gmail.com;notwithstanding
0cfa904c-c46a-47ea-9fcd-3d13d22ddba4;encouragement fisherman how;including smoke;Zelma92@gmail.com;now hyena pleased
107642f5-ddb9-4a95-a917-6dd4f27aa3b4;deduce er so;instead;Megane.Hickle33@hotmail.com;whoa before appertain
b5bfd2fc-592d-4043-8218-646e828eaac4;now;dishearten ick birdbath;Doreen_Schimmel@hotmail.com;juvenile
ddc63f6d-7707-4ba4-acb3-a653bb2bcb24;down defenseless wear;ah geez;Nolan_Harber69@hotmail.com;fiercely filter hm
a29beaa3-c148-4c30-b44a-614c9a26f509;about oh trustworthy;overconfidently fantastic;Katharina1@hotmail.com;ugh technologist finally
48bbb3db-1a77-467e-b36c-6377bb4e3a10;near;record tackle cash;Deshawn_Hagenes81@yahoo.com;an
71f11f48-02f2-4db2-a7e0-1e0d38f9b81f;yahoo;commonly;Gisselle87@yahoo.com;vol but
c40ae156-0286-49b5-a3d7-07671f8ebf40;as whether especially;never deflate;Cameron.Ernser@hotmail.com;wherever
e000eca9-73e3-407f-acd7-95e2e607124d;hydrolyse fleck;yahoo absentmindedly;Stanley80@yahoo.com;as
fd95fc08-8764-4e4c-995b-c8df9a2ea944;alongside perfectly afore;cheese switch as;Lavada67@hotmail.com;crossly knitting valentine
937ed8ec-af7e-41b4-8b01-07c8570f6a07;narrate;scale even;Nakia_Tremblay58@gmail.com;or dandelion
12112afd-b2f5-4b86-bbeb-94bb3d57feb0;glider limping whose;closely whenever a;Beatrice.Feeney@yahoo.com;unless unfortunately
a2180994-4c72-4896-9509-28e3573d4b05;usually sate essence;instead enormously;Mabelle.Schiller1@hotmail.com;ugh steep
6451812c-aa69-4e6b-b693-750141c857c6;until like jovially;doting times before;Marlin_Jacobi@yahoo.com;around compromise collaboration
d0b1135f-e45a-47b9-9e6d-be25febbf77f;versus bah;slide despite among;Florencio37@yahoo.com;excited drat stealthily
806f8d82-5461-4305-9799-aa7580839919;gallery pharmacopoeia meh;gee larva;Myrl_Crist@gmail.com;gratefully remark wriggler
aaaf9d5d-b98b-4336-9987-564a463413a9;consequently;until;Flora_Rice69@hotmail.com;ack
5db40192-a120-4dde-8591-74695645ecc6;oof repurpose till;supposing duh wherever;Aurelia70@gmail.com;ew
caca9da3-1611-462a-b5dc-8c17f586a943;sparse;although sweetly sin;Estefania.Kunde86@yahoo.com;qua vulgarise among
8a8889e1-88f4-4e77-b6cc-f14e8d70fae1;vibraphone when dirty;or;Cassandra_Heller12@gmail.com;briskly minor
d8d69235-68c5-43c8-8084-8f3f0ec7bc1d;sightseeing carnival correctly;internalise enormously phooey;Toby_DuBuque2@hotmail.com;helpfully
df3727ce-22a6-48e4-bddc-1ece9b145f60;early shameful because;gee dutiful;Katelynn.Thompson@gmail.com;tenderly drab
06afb3ed-af47-45a5-83b8-c16e2fbb1834;scotch elastic;naturally;Marsha76@hotmail.com;carpool
e0098ab8-4adc-4256-a8d7-9cb4b3197648;browse duh follower;formal unto vaguely;Carolyn98@yahoo.com;vacation
4c305472-1339-474f-9002-15bb834dfe2f;lanky although;whose marksman;Anita.Koch@gmail.com;tomorrow mixture wombat
d3b2d626-1818-4365-8e62-45b3c88f88b9;following;tenderly why consequently;Stanley53@yahoo.com;adviser anti psst
5f726ea4-dbb1-44ec-a7de-82219db95fe6;nor;afore;Joseph_Bailey@gmail.com;request
63778537-ebe9-4e41-b857-78dee8b442b2;seldom ack;physical;Mamie_Blick@gmail.com;hm middle
3095f003-151b-40f9-8937-7396e61b170a;or;gallery;Irving_Weber73@yahoo.com;venture difficult
